<fundacion alto="550" ancho="775" scorm="0">
  <pagina locked="0" id="1">
    <elemento colorFondo="-1" alfaFondo="100" imagen="galeria/fondos/Objetos/fondos/[_2_]fondo_003.jpg" posy="0" posx="0" tipo="fondo" src="10"/>
    <elemento fondo="vacio" borde="vacio" alto_px="146" ancho_px="528" alto="100" ancho="100" rotation="0" posy="73" posx="215" tipo="texto" src="2"><![CDATA[<TEXTFORMAT LEADING="2"><P ALIGN="CENTER"><FONT FACE="BlackMetalSans" SIZE="26" COLOR="#990099" LETTERSPACING="0" KERNING="1"><I>LEE, APRENDE, </I><FONT COLOR="#993399"><I>DIVIERTETE Y DESARROLLA COMPETENCIAS LECTORAS EN MEDIOS DIGITALES.</I><FONT COLOR="#990099"></FONT></FONT></FONT></P></TEXTFORMAT>]]></elemento>
    <elemento imagen="galeria/imagenes/imagenes/[_2_]Android-aplicaciones-gratuitas-para-los-estudiantes-610x320.jpg" alto_px="320" ancho_px="610" alto="100" ancho="100" rotation="0" posy="227" posx="159" tipo="imagen" src="1"/>
  </pagina>
  <pagina locked="0" id="1b"/>
  <pagina locked="0" id="2">
    <elemento colorFondo="-1" alfaFondo="100" imagen="galeria/fondos/Objetos/[_2_]celuloide.jpg" posy="0" posx="0" tipo="fondo" src="10"/>
    <elemento fondo="vacio" borde="vacio" alto_px="152" ancho_px="250" alto="100" ancho="100" rotation="0" posy="188" posx="251" tipo="texto" src="2"><![CDATA[<TEXTFORMAT LEADING="2"><P ALIGN="LEFT"><FONT FACE="Verdana" SIZE="12" COLOR="#0B333C" LETTERSPACING="0" KERNING="1">introduce tu texto aqui ...</FONT></P></TEXTFORMAT>]]></elemento>
    <elemento fondo="vacio" borde="vacio" alto_px="152" ancho_px="250" alto="100" ancho="100" rotation="0" posy="188" posx="251" tipo="texto" src="2"><![CDATA[<TEXTFORMAT LEADING="2"><P ALIGN="LEFT"><FONT FACE="Verdana" SIZE="12" COLOR="#0B333C" LETTERSPACING="0" KERNING="1">introduce tu texto aqui ...</FONT></P></TEXTFORMAT>]]></elemento>
    <elemento titulo="TIPS PARA LEER Y COMPRENDER." flv="galeria/videos/MIS VIDEOS/[_2_]videoplayback.mp4" alto_px="260" ancho_px="240" alto="147.01" ancho="206.25" rotation="0" posy="75" posx="140" tipo="video" src="7"/>
    <elemento fondo="vacio" borde="vacio" alto_px="152" ancho_px="250" alto="100" ancho="100" rotation="0" posy="188" posx="251" tipo="texto" src="2"><![CDATA[<TEXTFORMAT LEADING="2"><P ALIGN="LEFT"><FONT FACE="Verdana" SIZE="12" COLOR="#0B333C" LETTERSPACING="0" KERNING="1">introduce tu texto aqui ...</FONT></P></TEXTFORMAT>]]></elemento>
  </pagina>
  <pagina locked="0" id="2b"/>
  <pagina locked="0" id="3">
    <elemento colorFondo="-1" alfaFondo="100" imagen="galeria/fondos/Objetos/[_2_]cometa_haley.jpg" posy="0" posx="0" tipo="fondo" src="10"/>
    <elemento imagen="galeria/imagenes/imagenes/[_2_]Captura 3.PNG" alto_px="652" ancho_px="943" alto="78.92" ancho="77.84" rotation="0" posy="24" posx="18" tipo="imagen" src="1"/>
    <elemento fondo="0" borde="vacio" alto_px="42" ancho_px="360" alto="100" ancho="100" rotation="0" posy="13" posx="221" tipo="texto" src="2"><![CDATA[<TEXTFORMAT LEADING="2"><P ALIGN="LEFT"><FONT FACE="BlackMetalSans" SIZE="24" COLOR="#FF00FF" LETTERSPACING="0" KERNING="1">COMPRENSIÓN LECTORA<FONT FACE="Verdana" SIZE="12" COLOR="#0B333C"></FONT></FONT></P></TEXTFORMAT>]]></elemento>
  </pagina>
  <pagina locked="0" id="3b"/>
  <pagina locked="0" id="4">
    <elemento colorFondo="-1" alfaFondo="100" imagen="galeria/fondos/Objetos/fondos/[_2_]fondo_011.jpg" posy="0" posx="0" tipo="fondo" src="10"/>
    <elemento fondo="10079232" borde="0" alto_px="68.45" ancho_px="488" alto="100" ancho="100" rotation="0" posy="23" posx="113" tipo="texto" src="2"><![CDATA[<TEXTFORMAT LEADING="2"><P ALIGN="CENTER"><FONT FACE="Verdana" SIZE="12" COLOR="#0B333C" LETTERSPACING="0" KERNING="1">introduce tu texto aqui ...</FONT></P></TEXTFORMAT><TEXTFORMAT LEADING="2"><P ALIGN="CENTER"><FONT FACE="BlackMetalSans" SIZE="26" COLOR="#006600" LETTERSPACING="0" KERNING="1">LOS NIVELES DE LECTURA</FONT></P></TEXTFORMAT>]]></elemento>
    <elemento imagen="galeria/imagenes/imagenes/[_2_]Captura.PNG" alto_px="482" ancho_px="494" alto="90.78" ancho="73.28" rotation="0" posy="97" posx="402" tipo="imagen" src="1"/>
    <elemento imagen="galeria/imagenes/imagenes/[_2_]Captura 1.PNG" alto_px="535" ancho_px="404" alto="82.67" ancho="96.04" rotation="0" posy="93" posx="17" tipo="imagen" src="1"/>
  </pagina>
  <pagina locked="0" id="4b"/>
  <pagina locked="0" id="5">
    <elemento colorFondo="-1" alfaFondo="100" imagen="galeria/fondos/Objetos/fondos/[_2_]fondo_001.jpg" posy="0" posx="0" tipo="fondo" src="10"/>
    <elemento fondo="0" borde="vacio" alto_px="86" ancho_px="423" alto="100" ancho="100" rotation="0" posy="9" posx="190" tipo="texto" src="2"><![CDATA[<TEXTFORMAT LEADING="2"><P ALIGN="CENTER"><FONT FACE="BlackMetalSans" SIZE="24" COLOR="#FF00CC" LETTERSPACING="0" KERNING="1">COMPETENCIAS LECTORAS</FONT></P></TEXTFORMAT>]]></elemento>
    <elemento imagen="galeria/imagenes/imagenes/[_2_]pruebas-por-competencias-12-728.jpg" alto_px="546" ancho_px="728" alto="71.55" ancho="61.82" rotation="0" posy="100" posx="17" tipo="imagen" src="1"/>
    <elemento imagen="galeria/imagenes/imagenes/[_2_]600px-Competencias_lectoras.png" alto_px="334" ancho_px="600" alto="116.07" ancho="46.17" rotation="0" posy="110" posx="474" tipo="imagen" src="1"/>
  </pagina>
  <pagina locked="0" id="5b"/>
  <pagina locked="0" id="6">
    <elemento colorFondo="-1" alfaFondo="100" imagen="galeria/fondos/Objetos/[_2_]claqueta_03.png" posy="0" posx="0" tipo="fondo" src="10"/>
    <elemento titulo="LA GAMIFICACIÓN" flv="galeria/videos/MIS VIDEOS/[_2_]gam 2.mp4" alto_px="260" ancho_px="240" alto="100" ancho="100" rotation="0" posy="42" posx="37" tipo="video" src="7"/>
  </pagina>
  <pagina locked="0" id="6b"/>
  <pagina locked="0" id="7">
    <elemento colorFondo="-1" alfaFondo="100" imagen="galeria/fondos/Objetos/fondos/[_2_]fondo_005.jpg" posy="0" posx="0" tipo="fondo" src="10"/>
    <elemento actividad="galeria/actividades/sopa.swf" alto_px="550" ancho_px="775" alto="100" ancho="100" rotation="0" posy="0" posx="0" tipo="actividad" src="3">
      <actividad id="3" name="actividad">
        <paso1 name="paso1">
          <titulo name="titulo" texto="LECTURA CRÍTICA DIVERTIDA"/>
          <instrucciones name="instrucciones"><![CDATA[ENCUENTRA EN LA SOPA DE LETRAS 10 CONCEPTOS RELACIONADOS CON LA LECTURA CRÍTICA.]]></instrucciones>
          <interacciones name="interacciones" puntuacion="" tiempo="300" intentos="-1"/>
        </paso1>
        <paso2 name="paso2">
          <conf name="conf" palabras="9" filas="17" columnas="17"/>
          <palabra name="palabra" texto="LITERAL"/>
          <palabra name="palabra" texto="INFERENCIAL"/>
          <palabra name="palabra" texto="PROPOSITIVA"/>
          <palabra name="palabra" texto="INTERPRETATIVA"/>
          <palabra name="palabra" texto="ARGUMENTATIVA"/>
          <palabra name="palabra" texto="IDEAPRINCIPAL"/>
          <palabra name="palabra" texto="COHESION"/>
          <palabra name="palabra" texto="COHERENCIA"/>
          <palabra name="palabra" texto="IDEASECUNDARIA"/>
          <palabra name="palabra" texto=""/>
          <palabra name="palabra" texto=""/>
          <palabra name="palabra" texto=""/>
          <palabra name="palabra" texto=""/>
          <palabra name="palabra" texto=""/>
        </paso2>
        <paso3 name="paso3">
          <msgAcierto name="msgAcierto" texto="CORRECTO"/>
          <sndAcierto name="sndAcierto" sonido=""/>
          <msgFallo name="msgFallo" texto="INCORRECTO"/>
          <sndFallo name="sndFallo" sonido=""/>
        </paso3>
      </actividad>
    </elemento>
  </pagina>
  <pagina locked="0" id="7b"/>
  <pagina locked="0" id="8">
    <elemento colorFondo="-1" alfaFondo="100" imagen="galeria/fondos/Objetos/[_2_]cometa.jpg" posy="0" posx="0" tipo="fondo" src="10"/>
    <elemento actividad="galeria/actividades/puzzle.swf" alto_px="550" ancho_px="775" alto="100" ancho="100" rotation="0" posy="0" posx="0" tipo="actividad" src="3">
      <actividad id="4" name="actividad">
        <paso1 name="paso1">
          <titulo name="titulo" texto="ORDENA EL CAOS"/>
          <instrucciones name="instrucciones"><![CDATA[OGRANIZA LAS FICHAS HASTA ENCONTRAR LA FIGURA INDICADA]]></instrucciones>
          <interacciones name="interacciones" puntuacion="" tiempo="-1" intentos="-1"/>
        </paso1>
        <paso2 name="paso2">
          <conf name="conf" imagen="galeria/imagenes/imagenes/[_2_]20161025-6-1krp5z6.jpg" ancho="" alto="" filas="4" columnas="4"/>
        </paso2>
        <paso3 name="paso3">
          <msgAcierto name="msgAcierto" texto=""/>
          <sndAcierto name="sndAcierto" sonido="galeria/sonidos/Objetos/[_2_]aplausos_02.mp3"/>
          <msgFallo name="msgFallo" texto=""/>
          <sndFallo name="sndFallo" sonido="galeria/sonidos/Objetos/[_2_]incorrecto03.mp3"/>
        </paso3>
      </actividad>
    </elemento>
  </pagina>
  <pagina locked="0" id="8b"/>
  <pagina locked="0" id="9">
    <elemento colorFondo="-1" alfaFondo="100" imagen="galeria/fondos/Objetos/[_2_]luna_venus_jupiter.jpg" posy="0" posx="0" tipo="fondo" src="10"/>
    <elemento actividad="galeria/actividades/completa.swf" alto_px="550" ancho_px="775" alto="100" ancho="100" rotation="0" posy="0" posx="0" tipo="actividad" src="3">
      <actividad id="5" name="actividad">
        <paso1 name="paso1">
          <titulo name="titulo" texto="RELLENANDO ESPACIOS"/>
          <instrucciones name="instrucciones"><![CDATA[RELLENO LOS ESPACIOS CON LAS PALABRAS QUE ME DAN.]]></instrucciones>
          <interacciones name="interacciones" puntuacion="" tiempo="60" intentos="-1"/>
        </paso1>
        <paso2 name="paso2">
          <conf name="conf" texto="Esa noche el duende no encontraba {nada} para comer, sus piernas se {debilitaban} y sus  manos  {temblorosas} intentaban alcanzar algo de la vieja {alacena}. Los perros {ladraban}, los gatos maullaban. los {caballos} relinchaban en la caballeriza, todos estaban inquietos {pues} para nadie es un secreto que  los animales pueden {identificar} los espíritus del más allá. El duende comenzó a morir  {lentamente} mientras los animales cada vez más {advertían} que alguien {había} entrado en la vieja cabaña del tio {Sam}. El espíritu del duende casi abandonaba su {cuerpo} cuando el canto del {gallo} lo hizo retomar su búsqueda de comida. Nada, no [había} nada y el duende lentamente [moría}. En ese momentó entró el gato [entre} asustado y {curioso} acercó su plato de leche y el {duende} bebió un poco, su semblante se fue recuperando hasta que pudo {ponerse} en pie y correr hacia el {bosque}. Desde ese {día} los gatos tienen {siete} vidas, pues fue un regalo del {duende} por salvarle la suya."/>
        </paso2>
        <paso3 name="paso3">
          <msgAcierto name="msgAcierto" texto=""/>
          <sndAcierto name="sndAcierto" sonido="galeria/sonidos/Objetos/[_2_]cierre.mp3"/>
          <msgFallo name="msgFallo" texto=""/>
          <sndFallo name="sndFallo" sonido="galeria/sonidos/Objetos/[_2_]no_mujer.mp3"/>
        </paso3>
      </actividad>
    </elemento>
  </pagina>
</fundacion>