<fundacion alto="550" ancho="775" scorm="0">
  <pagina locked="0" id="1">
    <elemento colorFondo="-1" alfaFondo="100" imagen="galeria/fondos/imagenes/[_2_]desconocidos.jpg" posy="0" posx="0" tipo="fondo" src="10"/>
    <elemento titulo="BIENVENIDO" imagen="galeria/imagenes/Objetos/[_2_]ajedrez_02.jpg" sonido="galeria/sonidos/Objetos/[_2_]suspense01.mp3" alto_px="260" ancho_px="240" alto="100" ancho="100" rotation="0" posy="6" posx="42" tipo="audio" src="6"/>
  </pagina>
  <pagina locked="0" id="1b"/>
  <pagina locked="0" id="2">
    <elemento colorFondo="-1" alfaFondo="100" imagen="galeria/fondos/Objetos/[_2_]luna_venus_jupiter.jpg" posy="0" posx="0" tipo="fondo" src="10"/>
    <elemento imagen="galeria/imagenes/cuadernia/[_2_]BIENVENIDA.PNG" alto_px="482" ancho_px="619" alto="100" ancho="100" rotation="0" posy="27" posx="88" tipo="imagen" src="1"/>
  </pagina>
  <pagina locked="0" id="2b"/>
  <pagina locked="0" id="3">
    <elemento colorFondo="16777215" alfaFondo="100" imagen="vacio" posy="0" posx="0" tipo="fondo" src="10"/>
    <elemento fondo="vacio" borde="vacio" alto_px="392" ancho_px="611" alto="100" ancho="100" rotation="0" posy="44" posx="70" tipo="texto" src="2"><![CDATA[<TEXTFORMAT LEADING="2"><P ALIGN="CENTER"><FONT FACE="Verdana" SIZE="12" COLOR="#0B333C" LETTERSPACING="0" KERNING="1"><B>UN CUENTO</B></FONT></P></TEXTFORMAT><TEXTFORMAT LEADING="2"><P ALIGN="LEFT"><FONT FACE="Verdana" SIZE="12" COLOR="#0B333C" LETTERSPACING="0" KERNING="1"></FONT></P></TEXTFORMAT><TEXTFORMAT LEADING="2"><P ALIGN="LEFT"><FONT FACE="Verdana" SIZE="12" COLOR="#0B333C" LETTERSPACING="0" KERNING="1"></FONT></P></TEXTFORMAT><TEXTFORMAT LEADING="2"><P ALIGN="LEFT"><FONT FACE="Verdana" SIZE="12" COLOR="#0B333C" LETTERSPACING="0" KERNING="1">Después de largos días de paciencia, logró armar un barquito de esos que se forman pieza por pieza dentro de una botella.</FONT></P></TEXTFORMAT><TEXTFORMAT LEADING="2"><P ALIGN="LEFT"><FONT FACE="Verdana" SIZE="12" COLOR="#0B333C" LETTERSPACING="0" KERNING="1">Cerró la botella con un corcho y la puso en la sala de su casa, sobre la chimenea. Allí la mostraba orgullosamente a sus amigos.</FONT></P></TEXTFORMAT><TEXTFORMAT LEADING="2"><P ALIGN="LEFT"><FONT FACE="Verdana" SIZE="12" COLOR="#0B333C" LETTERSPACING="0" KERNING="1">Un día, viendo el barquito, notó que una de sus pequeñas ventanas se había abierto, y a través de ella observó algo que lo dejó asombrado: en una sala como la suya, estaba otra botella igual a la suya, pero más pequeña, con otro barquito adentro como el suyo. Y la botella estaba siendo mostrada a sus amigos por un hombrecito diminuto que no parecía sufrir por el hecho de estar dentro de una botella.</FONT></P></TEXTFORMAT><TEXTFORMAT LEADING="2"><P ALIGN="LEFT"><FONT FACE="Verdana" SIZE="12" COLOR="#0B333C" LETTERSPACING="0" KERNING="1">Sacó el tapón y con unas pinzas cogió al hombrecito, pero lo apretó de tal manera que lo ahogó.</FONT></P></TEXTFORMAT><TEXTFORMAT LEADING="2"><P ALIGN="LEFT"><FONT FACE="Verdana" SIZE="12" COLOR="#0B333C" LETTERSPACING="0" KERNING="1">Entonces el hombre escuchó un ruido. Volvió la vista y descubrió asustado que una de las ventanas de la sala se había abierto. Un ojo enorme lo atisbaba desde fuera. Lo último que alcanzó a mirar fue unas enormes pinzas que avanzaban hacia él como las fauces de un animal monstruoso.</FONT></P></TEXTFORMAT><TEXTFORMAT LEADING="2"><P ALIGN="LEFT"><FONT FACE="Verdana" SIZE="12" COLOR="#0B333C" LETTERSPACING="0" KERNING="1"></FONT></P></TEXTFORMAT><TEXTFORMAT LEADING="2"><P ALIGN="LEFT"><FONT FACE="Verdana" SIZE="12" COLOR="#0B333C" LETTERSPACING="0" KERNING="1"></FONT></P></TEXTFORMAT><TEXTFORMAT LEADING="2"><P ALIGN="LEFT"><FONT FACE="Verdana" SIZE="8" COLOR="#0B333C" LETTERSPACING="0" KERNING="1">A<I>rmando Fuentes Aguirre (México)</I></FONT></P></TEXTFORMAT><TEXTFORMAT LEADING="2"><P ALIGN="LEFT"><FONT FACE="Verdana" SIZE="8" COLOR="#0B333C" LETTERSPACING="0" KERNING="1"><I>Tomado de: Antología de los 100 minicuentos, publicados por la revista Eukóreo. Aniversario 21.</I></FONT></P></TEXTFORMAT><TEXTFORMAT LEADING="2"><P ALIGN="LEFT"><FONT FACE="Verdana" SIZE="8" COLOR="#0B333C" LETTERSPACING="0" KERNING="1"><I>Bustamante Zamudio Guillermo y Kremer Harold. (2003). Bogotá. Deriva Ediciones. p. 45</I></FONT></P></TEXTFORMAT>]]></elemento>
  </pagina>
  <pagina locked="0" id="3b"/>
  <pagina locked="0" id="4">
    <elemento colorFondo="16777215" alfaFondo="100" imagen="vacio" posy="0" posx="0" tipo="fondo" src="10"/>
    <elemento actividad="galeria/actividades/preguntas.swf" alto_px="550" ancho_px="775" alto="100" ancho="100" rotation="0" posy="0" posx="0" tipo="actividad" src="3">
      <actividad id="2" name="actividad">
        <paso1 name="paso1">
          <titulo name="titulo" texto="COMPETENCIAS LECTORAS"/>
          <instrucciones name="instrucciones"><![CDATA[CONSTENTA LAS PREGUNTAS DE ACUERDO AL TEXTO.]]></instrucciones>
          <interacciones name="interacciones" puntuacion="" tiempo="-1" intentos="-1"/>
        </paso1>
        <paso2 name="paso2">
          <conf name="conf" respuestas="4" texto="En el texto, el narrador"/>
          <respuesta name="respuesta" texto="A. da a conocer las acciones, los pensamientos y sentimientos de los personajes." correcta="true"/>
          <respuesta name="respuesta" texto="B. cuenta lo que siente y le ocurre a él mismo." correcta="false"/>
          <respuesta name="respuesta" texto="C. relata lo que otros le contaron sobre un hecho." correcta="false"/>
          <respuesta name="respuesta" texto="D. deja que los personajes hablen y cuenten con sus propias palabras lo que les ocurre." correcta="false"/>
          <respuesta name="respuesta" texto="" correcta=""/>
          <respuesta name="respuesta" texto="" correcta=""/>
        </paso2>
        <paso3 name="paso3">
          <msgAcierto name="msgAcierto" texto=""/>
          <sndAcierto name="sndAcierto" sonido="galeria/sonidos/Objetos/[_2_]aplausos_01.mp3"/>
          <msgFallo name="msgFallo" texto=""/>
          <sndFallo name="sndFallo" sonido="galeria/sonidos/Objetos/[_2_]incorrecto_ordenador2.mp3"/>
        </paso3>
      </actividad>
    </elemento>
  </pagina>
  <pagina locked="0" id="4b"/>
  <pagina locked="0" id="5">
    <elemento colorFondo="16777215" alfaFondo="100" imagen="vacio" posy="0" posx="0" tipo="fondo" src="10"/>
    <elemento actividad="galeria/actividades/preguntas.swf" alto_px="550" ancho_px="775" alto="100" ancho="100" rotation="0" posy="0" posx="0" tipo="actividad" src="3">
      <actividad id="2" name="actividad">
        <paso1 name="paso1">
          <titulo name="titulo" texto="COMPETENCIAS LECTORAS"/>
          <instrucciones name="instrucciones"><![CDATA[CONTESTA DE ACUERDO AL TEXTO]]></instrucciones>
          <interacciones name="interacciones" puntuacion="" tiempo="-1" intentos="2"/>
        </paso1>
        <paso2 name="paso2">
          <conf name="conf" respuestas="4" texto="Por la manera como se presenta la información, se puede decir que el texto es"/>
          <respuesta name="respuesta" texto="A. un relato mítico con características verosímiles." correcta="false"/>
          <respuesta name="respuesta" texto="B. una leyenda tradicional, en la que ocurre un hecho insólito." correcta="false"/>
          <respuesta name="respuesta" texto="C. un cuento fantástico, en el que ocurren hechos inverosímiles." correcta="true"/>
          <respuesta name="respuesta" texto="D. una anécdota infantil con características maravillosas." correcta="false"/>
          <respuesta name="respuesta" texto="" correcta=""/>
          <respuesta name="respuesta" texto="" correcta=""/>
        </paso2>
        <paso3 name="paso3">
          <msgAcierto name="msgAcierto" texto=""/>
          <sndAcierto name="sndAcierto" sonido="galeria/sonidos/Objetos/[_2_]aplausos_02.mp3"/>
          <msgFallo name="msgFallo" texto=""/>
          <sndFallo name="sndFallo" sonido="galeria/sonidos/Objetos/[_2_]incorrecto01.mp3"/>
        </paso3>
      </actividad>
    </elemento>
  </pagina>
  <pagina locked="0" id="5b"/>
  <pagina locked="0" id="6">
    <elemento colorFondo="16777215" alfaFondo="100" imagen="vacio" posy="0" posx="0" tipo="fondo" src="10"/>
    <elemento actividad="galeria/actividades/preguntas.swf" alto_px="550" ancho_px="775" alto="100" ancho="100" rotation="0" posy="0" posx="0" tipo="actividad" src="3">
      <actividad id="2" name="actividad">
        <paso1 name="paso1">
          <titulo name="titulo" texto="COMPONENTE SEMÁNTICO"/>
          <instrucciones name="instrucciones"><![CDATA[ELIGE LA RESPUESTA CORRECTA DE ACUERDO AL TEXTO]]></instrucciones>
          <interacciones name="interacciones" puntuacion="" tiempo="-1" intentos="2"/>
        </paso1>
        <paso2 name="paso2">
          <conf name="conf" respuestas="4" texto="En la historia, el hombre que armó el barquito"/>
          <respuesta name="respuesta" texto="A. vivía en un mundo que cabía en una botella." correcta="true"/>
          <respuesta name="respuesta" texto="B. era experto en la construcción de barcos." correcta="false"/>
          <respuesta name="respuesta" texto="C. disfrutaba de la compañía de todos sus amigos." correcta="false"/>
          <respuesta name="respuesta" texto="D. gustaba de destruir cosas con sus pinzas." correcta="false"/>
          <respuesta name="respuesta" texto="" correcta=""/>
          <respuesta name="respuesta" texto="" correcta=""/>
        </paso2>
        <paso3 name="paso3">
          <msgAcierto name="msgAcierto" texto=""/>
          <sndAcierto name="sndAcierto" sonido="galeria/sonidos/Objetos/[_2_]aplausos_02.mp3"/>
          <msgFallo name="msgFallo" texto=""/>
          <sndFallo name="sndFallo" sonido="galeria/sonidos/Objetos/[_2_]incorrecto01.mp3"/>
        </paso3>
      </actividad>
    </elemento>
  </pagina>
  <pagina locked="0" id="6b"/>
  <pagina locked="0" id="7">
    <elemento colorFondo="16777215" alfaFondo="100" imagen="vacio" posy="0" posx="0" tipo="fondo" src="10"/>
    <elemento actividad="galeria/actividades/preguntas.swf" alto_px="550" ancho_px="775" alto="100" ancho="100" rotation="0" posy="0" posx="0" tipo="actividad" src="3">
      <actividad id="2" name="actividad">
        <paso1 name="paso1">
          <titulo name="titulo" texto="COMPONENTE SEMÁNTICO"/>
          <instrucciones name="instrucciones"><![CDATA[ELIGE LA RESPUESTA CORRECTA DE ACUERDO AL TEXTO]]></instrucciones>
          <interacciones name="interacciones" puntuacion="" tiempo="-1" intentos="2"/>
        </paso1>
        <paso2 name="paso2">
          <conf name="conf" respuestas="4" texto="De lo narrado en el cuento anterior, se puede deducir que"/>
          <respuesta name="respuesta" texto="A. el hombre era una persona muy solitaria, por eso construía barcos." correcta="false"/>
          <respuesta name="respuesta" texto="B. el hombrecito sabía que había un mundo desde el que lo observaban, por esto no abría las ventanas." correcta="false"/>
          <respuesta name="respuesta" texto="C. el hombre que armó el barquito conocía de la existencia del hombrecito, por eso tapaba la botella." correcta="false"/>
          <respuesta name="respuesta" texto="D. el hombrecito debió ver unas enormes pinzas como las fauces de un animal monstruoso." correcta="true"/>
          <respuesta name="respuesta" texto="" correcta=""/>
          <respuesta name="respuesta" texto="" correcta=""/>
        </paso2>
        <paso3 name="paso3">
          <msgAcierto name="msgAcierto" texto=""/>
          <sndAcierto name="sndAcierto" sonido="galeria/sonidos/Objetos/[_2_]aplausos_02.mp3"/>
          <msgFallo name="msgFallo" texto=""/>
          <sndFallo name="sndFallo" sonido="galeria/sonidos/Objetos/[_2_]incorrecto01.mp3"/>
        </paso3>
      </actividad>
    </elemento>
  </pagina>
  <pagina locked="0" id="7b"/>
  <pagina locked="0" id="8">
    <elemento colorFondo="16777215" alfaFondo="100" imagen="vacio" posy="0" posx="0" tipo="fondo" src="10"/>
    <elemento actividad="galeria/actividades/preguntas.swf" alto_px="550" ancho_px="775" alto="100" ancho="100" rotation="0" posy="0" posx="0" tipo="actividad" src="3">
      <actividad id="2" name="actividad">
        <paso1 name="paso1">
          <titulo name="titulo" texto="COMPONENTE SINTÁCTICO"/>
          <instrucciones name="instrucciones"><![CDATA[ELIGE LA RESPUESTA CORRECTA DE ACUERDO AL TEXTO.]]></instrucciones>
          <interacciones name="interacciones" puntuacion="" tiempo="-1" intentos="2"/>
        </paso1>
        <paso2 name="paso2">
          <conf name="conf" respuestas="4" texto="En el texto, la expresión “Un día” permite"/>
          <respuesta name="respuesta" texto="A. dar inicio a la narración de la historia." correcta="false"/>
          <respuesta name="respuesta" texto="B. ubicar un evento en el tiempo de la historia." correcta="true"/>
          <respuesta name="respuesta" texto="C. mostrar el momento en el que finaliza la historia." correcta="false"/>
          <respuesta name="respuesta" texto="D. señalar el tiempo que dura la historia." correcta="false"/>
          <respuesta name="respuesta" texto="" correcta=""/>
          <respuesta name="respuesta" texto="" correcta=""/>
        </paso2>
        <paso3 name="paso3">
          <msgAcierto name="msgAcierto" texto=""/>
          <sndAcierto name="sndAcierto" sonido="galeria/sonidos/Objetos/[_2_]aplausos_02.mp3"/>
          <msgFallo name="msgFallo" texto=""/>
          <sndFallo name="sndFallo" sonido="galeria/sonidos/Objetos/[_2_]incorrecto01.mp3"/>
        </paso3>
      </actividad>
    </elemento>
  </pagina>
  <pagina locked="0" id="8b"/>
  <pagina locked="0" id="9">
    <elemento colorFondo="-1" alfaFondo="100" imagen="galeria/fondos/imagenes/[_2_]descarga.jpg" posy="0" posx="0" tipo="fondo" src="10"/>
    <elemento actividad="galeria/actividades/crucigrama.swf" alto_px="550" ancho_px="775" alto="100" ancho="100" rotation="0" posy="-1" posx="-1" tipo="actividad" src="3">
      <actividad id="16" name="actividad">
        <paso1 name="paso1">
          <titulo name="titulo" texto="CRUCIGRAMA"/>
          <instrucciones name="instrucciones"><![CDATA[LLENO EL CRUCIGRAMA CON LAS PISTAS QUE  ENCUENTRO]]></instrucciones>
          <interacciones name="interacciones" puntuacion="" tiempo="-1" intentos="-1"/>
        </paso1>
        <paso2 name="paso2">
          <conf name="conf" nParejas="8"/>
          <parejas name="numeroParejas" num="10">
            <pareja>
              <pregunta name="txtTexto1"><![CDATA[LO QUE SE NECESITÓ PARA ARMAR EL BARQUITO]]></pregunta>
              <respuesta name="txtTexto2"><![CDATA[PACIENCIA]]></respuesta>
            </pareja>
            <pareja>
              <pregunta name="txtTexto1"><![CDATA[OBJETO DÓNDE SE ARMÓ EL BARQUITO]]></pregunta>
              <respuesta name="txtTexto2"><![CDATA[BOTELLA]]></respuesta>
            </pareja>
            <pareja>
              <pregunta name="txtTexto1"><![CDATA[LUGAR SOBRE EL QUE SE PUSO LA BOTELLA CON EL BARQUITO ]]></pregunta>
              <respuesta name="txtTexto2"><![CDATA[CHIMENEA]]></respuesta>
            </pareja>
            <pareja>
              <pregunta name="txtTexto1"><![CDATA[PARTE DEL BARQUITO DONDE NOTARON EL PRIMER CAMBIO]]></pregunta>
              <respuesta name="txtTexto2"><![CDATA[VENTANA]]></respuesta>
            </pareja>
            <pareja>
              <pregunta name="txtTexto1"><![CDATA[SENTIMIENTO QUE TUVO EL HOMBRE AL VER  LO QUE HABIA DENTRO DEL BARQUITO]]></pregunta>
              <respuesta name="txtTexto2"><![CDATA[ASOMBRO]]></respuesta>
            </pareja>
            <pareja>
              <pregunta name="txtTexto1"><![CDATA[ARTEFACTO CON EL QUE SE TOMÓ AL HOMBRECITO]]></pregunta>
              <respuesta name="txtTexto2"><![CDATA[PINZAS]]></respuesta>
            </pareja>
            <pareja>
              <pregunta name="txtTexto1"><![CDATA[PALABRA POR LA QUE PUEDO REEMPLAZAR EL TÉRMINO  "ATISBABA"]]></pregunta>
              <respuesta name="txtTexto2"><![CDATA[MIRABA]]></respuesta>
            </pareja>
            <pareja>
              <pregunta name="txtTexto1"><![CDATA[NOMBRE DEL AUTOR DEL CUENTO]]></pregunta>
              <respuesta name="txtTexto2"><![CDATA[ARMANDO]]></respuesta>
            </pareja>
          </parejas>
        </paso2>
        <paso3 name="paso3">
          <msgAcierto name="msgAcierto" texto=""/>
          <sndAcierto name="sndAcierto" sonido="galeria/sonidos/Objetos/[_2_]correcto.mp3"/>
          <msgFallo name="msgFallo" texto=""/>
          <sndFallo name="sndFallo" sonido="galeria/sonidos/Objetos/[_2_]carraspeo_mujer.mp3"/>
        </paso3>
      </actividad>
    </elemento>
  </pagina>
  <pagina locked="0" id="9b"/>
  <pagina locked="0" id="10">
    <elemento colorFondo="-1" alfaFondo="100" imagen="galeria/fondos/imagenes/[_2_]2012_-2.png" posy="0" posx="0" tipo="fondo" src="10"/>
    <elemento actividad="galeria/actividades/ahorcado.swf" alto_px="550" ancho_px="775" alto="100" ancho="100" rotation="0" posy="-1" posx="-1" tipo="actividad" src="3">
      <actividad id="26" name="actividad">
        <paso1 name="paso1">
          <titulo name="titulo" texto="COMPETENCIAS LECTORAS"/>
          <instrucciones name="instrucciones"><![CDATA[ENCUENTRA LA FRASE ESCONDIDA.]]></instrucciones>
          <interacciones name="interacciones" puntuacion="" tiempo="180" intentos="-1"/>
        </paso1>
        <paso2 name="paso2">
          <conf name="conf"><![CDATA[LAS COMPETENCIAS LECTORAS SON INTERPRETATIVA ARGUMENTATIVA Y CRITICA]]></conf>
        </paso2>
        <paso3 name="paso3">
          <msgAcierto name="msgAcierto" texto=""/>
          <sndAcierto name="sndAcierto" sonido="galeria/sonidos/Objetos/[_2_]aplausos_02.mp3"/>
          <msgFallo name="msgFallo" texto=""/>
          <sndFallo name="sndFallo" sonido="galeria/sonidos/Objetos/[_2_]incorrecto03.mp3"/>
        </paso3>
      </actividad>
    </elemento>
  </pagina>
  <pagina locked="0" id="10b"/>
  <pagina locked="0" id="11">
    <elemento colorFondo="-1" alfaFondo="100" imagen="galeria/fondos/Objetos/[_2_]eclipse.jpg" posy="0" posx="0" tipo="fondo" src="10"/>
    <elemento imagen="galeria/imagenes/imagenes/[_2_]FINAL.PNG" alto_px="260" ancho_px="533" alto="100" ancho="100" rotation="0" posy="57" posx="149" tipo="imagen" src="1"/>
  </pagina>
</fundacion>